strategy,param,depth,mean_pLDDT,frac>70,frac>80,frac>90,RMSD,TM-score
baseline,-,14594,97.05224137931035,0.9827586206896551,0.9827586206896551,0.9482758620689655,0.0,1.0
delete,5,14594,97.05224137931035,0.9827586206896551,0.9827586206896551,0.9482758620689655,1.989401043355779e-15,
mutate,0.02,14594,97.05224137931035,0.9827586206896551,0.9827586206896551,0.9482758620689655,1.989401043355779e-15,
shuffle,,14594,97.05224137931035,0.9827586206896551,0.9827586206896551,0.9482758620689655,1.989401043355779e-15,
