strategy,param,depth,mean_pLDDT,frac>70,frac>80,frac>90,RMSD,TM-score
baseline,-,18854,73.7186440677966,0.7966101694915254,0.2542372881355932,0.0,0.0,1.0
delete,5,18854,73.7186440677966,0.7966101694915254,0.2542372881355932,0.0,4.626506788331446e-15,
mutate,0.02,18854,73.7186440677966,0.7966101694915254,0.2542372881355932,0.0,4.626506788331446e-15,
shuffle,,18854,73.7186440677966,0.7966101694915254,0.2542372881355932,0.0,4.626506788331446e-15,
