strategy,param,depth,mean_pLDDT,frac>70,frac>80,frac>90,RMSD,TM-score
baseline,-,21605,95.4771052631579,0.9605263157894737,0.9473684210526315,0.9342105263157895,0.0,1.0
delete,5,21605,95.4771052631579,0.9605263157894737,0.9473684210526315,0.9342105263157895,6.118166501315538e-15,
mutate,0.02,21605,95.4771052631579,0.9605263157894737,0.9473684210526315,0.9342105263157895,6.118166501315538e-15,
shuffle,,21605,95.4771052631579,0.9605263157894737,0.9473684210526315,0.9342105263157895,6.118166501315538e-15,
